{
  "Total" : {
    "transaction" : "Total",
    "sampleCount" : 2274117,
    "errorCount" : 347,
    "errorPct" : 0.01525867,
    "meanResTime" : 267.0249195621798,
    "medianResTime" : 113.0,
    "minResTime" : 14.0,
    "maxResTime" : 9289.0,
    "pct1ResTime" : 572.0,
    "pct2ResTime" : 805.9500000000007,
    "pct3ResTime" : 1242.0,
    "throughput" : 3613.759228595855,
    "receivedKBytesPerSec" : 92755.99220304322,
    "sentKBytesPerSec" : 1132.6559660756736
  },
  "HTTP Request" : {
    "transaction" : "HTTP Request",
    "sampleCount" : 2274117,
    "errorCount" : 347,
    "errorPct" : 0.01525867,
    "meanResTime" : 267.0249195621798,
    "medianResTime" : 113.0,
    "minResTime" : 14.0,
    "maxResTime" : 9289.0,
    "pct1ResTime" : 572.0,
    "pct2ResTime" : 805.9500000000007,
    "pct3ResTime" : 1242.0,
    "throughput" : 3613.759228595855,
    "receivedKBytesPerSec" : 92755.99220304322,
    "sentKBytesPerSec" : 1132.6559660756736
  }
}